date,deathIncrease,inIcuCumulative,inIcuCurrently,hospitalizedIncrease,hospitalizedCurrently,hospitalizedCumulative,negative,negativeIncrease,onVentilatorCumulative,onVentilatorCurrently,positive,positiveIncrease,states,totalTestResults,totalTestResultsIncrease,score,death
2021-03-07,842,45475,8134,726,40199,776361,74582825,131835,4281,2802,28756489,41835,56,363825123,1170059,0,515151
2021-03-06,1680,45453,8409,503,41401,775635,74450990,143835,4280,2811,28714654,60015,56,362655064,1430992,0,514309
2021-03-05,2221,45373,8634,2781,42541,775132,74307155,271917,4275,2889,28654639,68787,56,361224072,1744417,0,512629
2021-03-04,1743,45293,8970,1530,44172,772351,74035238,177957,4267,2973,28585852,65487,56,359479655,1590984,0,510408
2021-03-03,2449,45214,9359,2172,45462,770821,73857281,267001,4260,3094,28520365,66836,56,357888671,1406795,0,508665
2021-03-02,1728,45084,9465,1871,46388,768649,73590280,255779,4257,3169,28453529,54248,56,356481876,1343519,0,506216
2021-03-01,1241,44956,9595,1024,46738,766778,73334501,118077,4252,3171,28399281,48092,56,355138357,1154440,0,504488
2021-02-28,1051,44907,9802,879,47352,765754,73216424,203599,4252,3245,28351189,54349,56,353983917,1408422,0,503247
2021-02-27,1847,44875,10114,1428,48871,764875,73012825,205090,4252,3335,28296840,71245,56,352575495,1655179,0,502196
2021-02-26,2141,44791,10466,1868,51112,763447,72807735,276829,4247,3466,28225595,74857,56,350920316,1803309,0,500349
2021-02-25,3138,44636,10846,2047,52669,761579,72530906,272209,4240,3567,28150738,75565,56,349117007,1826144,0,498208
2021-02-24,2447,44534,11026,2172,54118,759532,72258697,245318,4227,3685,28075173,73258,56,347290863,1450666,0,495070
2021-02-23,2241,44420,11272,2164,55058,757360,72013379,225267,4214,3755,28001915,69105,56,345840197,1193835,0,492623
2021-02-22,1235,44266,11536,1305,55403,755196,71788112,123611,4200,3804,27932810,52530,56,344646362,1201247,0,490382
2021-02-21,1287,44216,11862,997,56159,753891,71664501,156778,4197,3915,27880280,58702,56,343445115,1232995,0,489147
2021-02-20,2160,44166,12120,1732,58222,752894,71507723,141790,4197,3932,27821578,72354,56,342212120,1290481,0.967676341533661,487860
2021-02-19,2477,44085,12491,2674,59882,751162,71365933,224755,4187,4118,27749224,74676,56,340921639,1878033,0,485700
2021-02-18,2616,43964,13036,2497,62224,748488,71141178,218491,4178,4180,27674548,66824,56,339043606,1345849,0,483223
2021-02-17,2348,43823,13094,2857,63329,745991,70922687,233666,4154,4271,27607724,66839,56,337697757,1298421,0,480607
2021-02-16,1353,43673,13607,2094,64457,743134,70689021,101102,4149,4415,27540885,56312,56,336399336,1053698,0,478259
2021-02-15,1078,43553,13790,1130,65379,741040,70587919,143388,4143,4468,27484573,55077,56,335345638,1123560,0,476906
2021-02-14,1366,43516,14038,1236,66947,739910,70444531,171877,4141,4542,27429496,72164,56,334222078,1439631,0,475828
2021-02-13,3467,43463,14387,1805,69207,738674,70272654,234293,4140,4648,27357332,90642,56,332782447,1757608,0,474462
2021-02-12,5427,43389,14766,2347,71471,736869,70038361,255983,4126,4849,27266690,101030,56,331024839,1812454,0,470995
2021-02-11,3873,43291,15181,2460,74208,734522,69782378,260124,4113,4970,27165660,102417,56,329212385,1855929,0,465568
2021-02-10,3445,43184,15788,3226,76979,732062,69522254,155861,4106,5121,27063243,95194,56,327356456,1382709,0,461695
2021-02-09,2795,43000,16129,3144,79179,728836,69366393,337168,4092,5216,26968049,92986,56,325973747,1488481,0,458250
2021-02-08,1309,42833,16174,1638,80055,725692,69029225,142156,4080,5260,26875063,77737,56,324485266,1400009,0,455455
2021-02-07,1475,42779,16616,1543,81439,724054,68887069,208303,4079,5342,26797326,95994,56,323085257,1498808,0,454146
2021-02-06,2994,42730,17093,2443,84233,722511,68678766,282477,4078,5475,26701332,114557,56,321586449,1888854,0,452671
2021-02-05,3543,42626,17284,2940,86373,720068,68396289,270754,4060,5596,26586775,131146,56,319697595,1868496,0,449677
2021-02-04,5212,42472,17918,3402,88668,717128,68125535,217496,4059,5732,26455629,123907,56,317829099,1663995,0,446134
2021-02-03,3685,42323,18147,3975,91440,713726,67908039,224499,4044,5920,26331722,116960,56,316165104,1384881,0,440922
2021-02-02,3486,42148,18388,3285,92880,709751,67683540,167082,4035,6047,26214762,117616,56,314780223,1385595,0,437237
2021-02-01,1562,41998,18572,1766,93536,706466,67516458,344975,4025,6086,26097146,120200,56,313394628,1507545,0,433751
2021-01-31,2059,41934,18968,2171,95013,704700,67171483,224593,4019,6291,25976946,119367,56,311887083,1725724,0,432189
2021-01-30,2982,41872,19130,3147,97561,702529,66946890,232299,4016,6329,25857579,148824,56,310161359,2139579,0,430130
2021-01-29,3503,41758,19609,2835,101003,699382,66714591,284168,4011,6483,25708755,167111,56,308021780,1955101,0,427148
2021-01-28,4011,41588,20113,3500,104303,696547,66430423,269667,4000,6642,25541644,157306,56,306066679,1936761,0,423645
2021-01-27,4077,41402,20497,4134,107444,693047,66160756,244553,3985,6806,25384338,153985,56,304129918,1626393,0,419634
2021-01-26,3734,41205,20573,3705,108960,688913,65916203,377450,3976,6832,25230353,146448,56,302503525,1733799,0,415557
2021-01-25,1593,41028,20875,2515,109938,685208,65538753,217006,3949,6857,25083905,133454,56,300769726,1630391,0,411823
2021-01-24,1944,40931,21168,1909,110628,682693,65321747,223447,3943,6989,24950451,144234,56,299139335,1792892,0,410230
2021-01-23,3591,40853,21657,6652,113609,680784,65098300,274547,3941,7110,24806217,177118,56,297346443,1990072,0,408286
2021-01-22,3980,40687,22008,4325,116264,674132,64823753,284392,3919,7236,24629099,190915,56,295356371,2022028,0,404695
2021-01-21,3878,40481,22309,4053,119949,669807,64539361,267695,3910,7370,24438184,186275,56,293334343,1933682,0,400715
2021-01-20,4409,40340,22834,5105,122754,665754,64271666,342450,3897,7564,24251909,189203,56,291400661,1851350,0,396837
2021-01-19,2141,40103,23054,3206,123910,660649,63929216,329847,3883,7688,24062706,146626,56,289549311,1596863,0,392428
2021-01-18,1395,39973,23226,2839,123848,657443,63599369,192825,3865,7772,23916080,150792,56,287952448,1771268,0,390287
2021-01-17,2053,39864,23432,2167,124387,654604,63406544,277842,3860,7797,23765288,187218,56,286181180,1916756,0,388892
2021-01-16,3709,39797,23524,4039,126139,652437,63128702,226342,3858,7755,23578070,218085,56,284264424,2116224,0,386839
2021-01-15,3679,39626,23593,4000,127235,648398,62902360,410997,3845,7772,23359985,246454,56,282148200,2309884,0,383130
2021-01-14,3915,39418,23891,3792,128947,644398,62491363,305894,3829,7878,23113531,225616,56,279838316,2048899,0,379451
2021-01-13,4087,39248,23857,5312,130391,640606,62185469,237885,3811,7902,22887915,224491,56,277789417,1827396,0,375536
2021-01-12,4064,39049,23881,4657,131326,635294,61947584,443993,3796,7879,22663424,218020,56,275962021,1944234,0,371449
2021-01-11,1733,38823,23501,3045,129793,630637,61503591,210610,3773,7786,22445404,195255,56,274017787,1695767,0,367385
2021-01-10,2068,38706,23640,2413,129223,627592,61292981,270382,3771,7878,22250149,228732,56,272322020,2051661,0,365652
2021-01-09,3537,38607,23718,6683,130781,625179,61022599,290183,3767,7791,22021417,269368,56,270270359,2137700,0,363584
2021-01-08,3780,38432,23912,4705,131921,618496,60732416,320284,3756,7908,21752049,295121,56,268132659,2146223,0,360047
2021-01-07,4079,38236,23821,5312,132370,613791,60412132,246578,3748,7900,21456928,272043,56,265986436,1928262,0,356267
2021-01-06,3902,38064,23708,6607,132474,608479,60165554,263088,3739,7946,21184885,250184,56,264058174,1650493,0,352188
2021-01-05,3484,37841,23509,4290,131195,601872,59902466,480256,3718,7976,20934701,219075,56,262407681,1721007,0,348286
2021-01-04,1547,37586,23435,3892,128210,597582,59422210,148614,3692,7930,20715626,179571,56,260686674,1512611,0,344802
2021-01-03,1455,37433,23243,2226,125562,593690,59273596,215583,3688,7939,20536055,208457,56,259174063,1444257,0,343255
2021-01-02,2406,37309,23133,3051,123614,591464,59058013,221792,3684,7910,20327598,280318,56,257729806,1934350,0,341800
2021-01-01,2592,37196,23255,4550,125047,588413,58836221,192048,3681,7990,20047280,182906,56,255795456,1545537,0,339394
2020-12-31,3297,37066,23097,4348,125423,583863,58644173,262855,3672,8004,19864374,226246,56,254249919,1797220,0,336802
2020-12-30,3900,36855,23069,5514,125220,579515,58381318,215107,3653,7930,19638128,229496,56,252452699,1583713,0,333505
2020-12-29,3289,36583,22838,5261,124686,574001,58166211,201698,3635,7885,19408632,199679,56,250868986,1343514,0,329605
2020-12-28,1490,36308,22579,3723,121202,568740,57964513,309721,3612,7948,19208953,164127,56,249525472,1332122,0,326316
2020-12-27,1397,36164,22447,2302,118720,565017,57654792,204288,3604,7878,19044826,153540,56,248193350,1395240,-0.998141884803772,324826
2020-12-26,1426,36038,22373,2292,117344,562715,57450504,214555,3593,7809,18891286,190594,56,246798110,1974298,0,323429
2020-12-25,1553,35945,22418,2047,118948,560423,57235949,170690,3592,7831,18700692,126796,56,244823812,1568040,0,322003
2020-12-24,2958,35899,22623,4289,120200,558376,57065259,322117,3587,7792,18573896,206684,56,243255772,2031894,0,320450
2020-12-23,3393,35695,22489,4795,119463,554087,56743142,304962,3579,7819,18367212,224526,56,241223878,1791481,0,317492
2020-12-22,3137,35428,22213,4567,117777,549292,56438180,268046,3554,7830,18142686,193008,56,239432397,1770133,-0.999735414981842,314099
2020-12-21,1480,35178,21884,3111,115358,544725,56170134,439796,3539,7783,17949678,179406,56,237662264,1974590,0,310962
2020-12-20,1668,35030,21763,2382,113601,541614,55730338,249266,3530,7695,17770272,197494,56,235687674,1821629,0,309482
2020-12-19,2708,34949,21692,3429,113914,539232,55481072,200763,3529,7786,17572778,204873,56,233866045,1859539,0,307814
2020-12-18,2866,34716,21745,5214,113955,535803,55280309,450795,3519,7786,17367905,241786,56,232006506,2193466,0.272183199723562,305106
2020-12-17,3465,34485,21912,5167,114492,530589,54829514,246432,3504,7848,17126119,242970,56,229813040,1912697,0,302240
2020-12-16,3453,34237,21943,4776,113257,525422,54583082,303846,3488,7782,16883149,234288,56,227900343,1839996,0,298775
2020-12-15,2924,33958,21897,4430,112816,520646,54279236,316712,3460,7702,16648861,193218,56,226060347,1833138,0,295322
2020-12-14,1357,33693,21458,3461,110573,516216,53962524,456078,3442,7699,16455643,193286,56,224227209,2010951,0,292398
2020-12-13,1501,33494,21230,2314,109298,512755,53506446,299810,3432,7535,16262357,187251,56,222216258,1827310,-0.99952507019043,291041
2020-12-12,2497,33419,21198,3789,108461,510441,53206636,226203,3430,7515,16075106,226904,56,220388948,1919896,0,289540
2020-12-11,2747,33237,21012,5411,108101,506652,52980433,350441,3424,7488,15848202,236933,56,218469052,1969509,-0.915556073188782,287043
2020-12-10,3132,32919,21024,4450,107300,501241,52629992,311589,3394,7444,15611269,220846,56,216499543,1967578,0,284296
2020-12-09,3169,32720,20903,5300,106671,496791,52318403,378319,3376,7621,15390423,216728,56,214531965,1832545,0,281164
2020-12-08,2680,32406,20475,4410,104637,491491,51940084,292335,3359,7251,15173695,217844,56,212699420,1690914,0,277995
2020-12-07,1291,32120,20097,3461,102122,487081,51647749,268980,3328,7067,14955851,181897,56,211008506,1653269,0,275315
2020-12-06,1163,31946,20145,2311,101501,483620,51378769,299693,3322,7095,14773954,182580,56,209355237,1675779,-0.995013505220413,274024
2020-12-05,2486,31831,19947,3513,101192,481309,51079076,356781,3321,7006,14591374,219070,56,207679458,2302086,-0.938403010368347,272861
2020-12-04,2563,31608,19853,4654,101309,477796,50722295,310521,3305,7018,14372304,230313,56,205377372,1918739,0.988893628120422,270375
2020-12-03,2822,31276,19714,5369,100746,473142,50411774,306223,3280,6875,14141991,216271,56,203458633,1904020,0.0134139955043793,267812
2020-12-02,2811,31038,19687,5238,100327,467773,50105551,-658774,3252,6855,13925720,203429,56,201554613,1587969,0,264990
2020-12-01,2489,30749,19302,4916,98814,462535,50764325,263699,3223,6651,13722291,181183,56,199966644,1494046,-0.00236943364143372,262179
2020-11-30,1037,30469,18807,3394,96134,457619,50500626,344231,3205,6520,13541108,150031,56,198472598,1520240,0,259690
2020-11-29,825,30274,18437,2429,93357,454225,50156395,226788,3184,6245,13391077,137254,56,196952358,1337135,0,258653
2020-11-28,1243,30109,18249,3485,91762,451796,49929607,324413,3179,6148,13253823,151469,56,195615223,1675224,-0.990902721881866,257828
2020-11-27,1404,29858,18056,3418,89913,448311,49605194,384580,3171,6028,13102354,198874,56,193939999,1970528,-0.860143214464188,256585
2020-11-26,1392,29673,18019,2333,90564,444893,49220614,179941,3153,5986,12903480,129764,56,191969471,1467611,0,255181
2020-11-25,2281,29540,17738,4538,90043,442560,49040673,394165,3147,5987,12773716,188496,56,190501860,1881059,0,253789
2020-11-24,2091,29245,17317,4685,88132,438022,48646508,360586,3123,5626,12585220,166503,56,188620801,1873837,0,251508
2020-11-23,853,28990,17060,2835,85945,433337,48285922,331207,3106,5455,12418717,154696,56,186746964,1671011,0,249417
2020-11-22,923,28828,16411,2291,83882,430502,47954715,373855,3094,5233,12264021,154188,56,185075953,1818793,-0.189037531614304,248564
2020-11-21,1551,28693,16264,3375,83346,428211,47580860,376533,3087,5103,12109833,186385,56,183257160,2140465,0,247641
2020-11-20,1910,28472,16146,3903,82318,424836,47204327,448167,3078,5058,11923448,197164,56,181116695,2004886,-0.980357423424721,246090
2020-11-19,2010,28216,15759,4456,80669,420933,46756160,324389,3052,4860,11726284,187932,56,179111809,1845354,-0.983361542224884,244180
2020-11-18,1885,27989,15557,4352,79478,416477,46431771,346915,3024,4699,11538352,168220,56,177266455,1701006,0,242170
2020-11-17,1553,27681,15009,3887,77047,412125,46084856,300498,3004,4379,11370132,159826,56,175565449,1634272,-0.995766401290894,240285
2020-11-16,607,27437,14471,2907,73320,408238,45784358,249458,2988,4156,11210306,149977,56,173931177,1484630,-0.936716437339783,238732
2020-11-15,712,27269,13849,1868,70202,405331,45534900,400351,2975,3939,11060329,147062,56,172446547,1626437,-0.999163508415222,238125
2020-11-14,1353,27172,13491,3468,69588,403463,45134549,300446,2972,3945,10913267,167726,56,170820110,1785889,-0.998860239982605,237413
2020-11-13,1301,26997,13280,3673,68585,399995,44834103,331974,2967,3766,10745541,174633,56,169034221,1742559,-0.00308069586753845,236060
2020-11-12,1112,26803,12917,3562,67236,396322,44502129,271550,2954,3622,10570908,157542,56,167291662,1607551,-0.997330665588379,234759
2020-11-11,1577,26584,12626,3281,65549,392760,44230579,283243,2947,3365,10413366,149333,56,165684111,1503560,-0.987423360347748,233647
2020-11-10,1358,26335,12057,4070,62119,389479,43947336,203377,2922,3202,10264033,135569,56,164180551,1386936,0,232070
2020-11-09,577,26087,11636,2176,59342,385409,43743959,283666,2907,3111,10128464,118403,56,162793615,1314380,-0.999696850776672,230712
2020-11-08,513,25819,11223,1467,56942,383233,43460293,239635,2900,2977,10010061,112445,56,161479235,1266058,0,230135
2020-11-07,1125,25721,11215,2341,56037,381766,43220658,357869,2898,2947,9897616,132113,56,160213177,1546164,-0.924244344234467,229622
2020-11-06,1185,25498,11213,3121,55005,379425,42862789,314445,2885,2850,9765503,129990,56,158667013,1772955,-0.993985732396444,228497
2020-11-05,1154,25276,11050,2553,53380,376304,42548344,302427,2872,2876,9635513,119023,56,156894058,1561062,0,227312
2020-11-04,1131,25041,10892,3107,52166,373751,42245917,202598,2853,2832,9516490,105996,56,155332996,1318451,0,226158
2020-11-03,1517,24796,10538,3135,50509,370644,42043319,255848,2833,2734,9410494,119949,56,154014545,1269152,0,225027
2020-11-02,475,24560,9957,1399,48750,367509,41787471,283444,2809,2633,9290545,83454,56,152745393,1238898,0,223510
2020-11-01,410,24457,9665,1166,47615,366110,41504027,228603,2797,2553,9207091,141974,56,151506495,1160138,0,223035
2020-10-31,958,24375,9613,2116,47486,364944,41275424,325765,2786,2502,9065117,91293,56,150346357,1473444,-0.512297451496124,222625
2020-10-30,947,24230,9550,2403,46880,362828,40949659,206695,2776,2477,8973824,97942,56,148872913,1423126,0,221667
2020-10-29,1060,24082,9320,2321,46191,360425,40742964,317094,2760,2399,8875882,89365,56,147449787,1453174,-0.73657613992691,220720
2020-10-28,1047,23883,9133,2461,45214,358104,40425870,265933,2744,2354,8786517,79700,56,145996613,1150428,0.967511594295502,219660
2020-10-27,922,23701,8985,2290,44391,355643,40159937,220640,2719,2283,8706817,72255,56,144846185,1150455,0,218613
2020-10-26,397,23542,8946,1697,42988,353353,39939297,268034,2703,2300,8634562,63430,56,143695730,1131572,-0.998377323150635,217691
2020-10-25,391,23420,8590,1076,41883,351656,39671263,268680,2693,2176,8571132,64471,56,142564158,1222362,-0.982242703437805,217294
2020-10-24,896,23356,8675,1822,42087,350580,39402583,259771,2691,2230,8506661,83792,56,141341796,1370239,0,216903
2020-10-23,949,23221,8342,2801,41614,348758,39142812,304853,2679,2180,8422869,82575,56,139971557,1444382,0.940106987953186,216007
2020-10-22,1094,23018,8180,2229,41114,345957,38837959,301777,2641,2147,8340294,72273,56,138527175,1305768,0.976510584354401,215058
2020-10-21,1051,22855,8291,2399,40397,343728,38536182,201552,2622,2083,8268021,62856,56,137221407,1055928,0,213964
2020-10-20,833,22662,8206,2309,39391,341329,38334630,201519,2593,2042,8205165,60574,56,136165479,1034354,0,212913
2020-10-19,443,22475,8063,1605,37976,339020,38133111,347469,2577,1804,8144591,57650,56,135131125,1100768,0,212080
2020-10-18,405,22391,7383,813,36536,337415,37785642,193978,2557,1762,8086941,47957,56,134030357,1074271,0,211637
2020-10-17,780,22320,7466,1546,37474,336602,37591664,260557,2553,1791,8038984,57675,56,132956086,1329098,0,211232
2020-10-16,891,22202,7333,1866,37479,335056,37331107,272444,2547,1740,7981309,68505,56,131626988,1247307,-0.975500643253326,210452
2020-10-15,928,22051,7303,2010,37423,333190,37058663,263255,2531,1773,7912804,63641,56,130379681,1182695,-0.692749559879303,209561
2020-10-14,801,21889,7236,2437,37184,331180,36795408,144110,2516,1775,7849163,57240,56,129196986,1114421,0,208633
2020-10-13,718,21735,7104,2058,36171,328743,36651298,210401,2485,1757,7791923,46914,56,128082565,1085144,0,207832
2020-10-12,284,21629,6860,1104,35143,326685,36440897,213302,2464,1663,7745009,43248,56,126997421,950483,0,207114
2020-10-11,472,21553,6749,983,34610,325581,36227595,220736,2454,1646,7701761,46723,56,126046938,1106595,-0.996904343366623,206830
2020-10-10,690,21512,6752,1485,34700,324598,36006859,296196,2451,1667,7655038,57543,56,124940343,1299743,-0.00580590963363647,206358
2020-10-09,914,21388,6775,1736,34973,323113,35710663,282790,2437,1651,7597495,57085,56,123640600,1275712,0,205668
2020-10-08,979,21217,6694,2134,34446,321377,35427873,6923,2427,1638,7540410,55308,56,122364888,1225426,-0.832116305828095,204754
2020-10-07,929,21112,6591,2138,33565,319243,35420950,232274,2410,1650,7485102,51216,56,121139462,1081509,0,203775
2020-10-06,613,20973,6490,-752,32726,317105,35188676,185103,2388,1609,7433886,38846,56,120057953,954557,0,202846
2020-10-05,331,20812,6292,1447,31426,317857,35003573,243549,2370,1514,7395040,37752,56,119103396,937566,0,202233
2020-10-04,380,20729,6056,663,30063,316410,34760024,298235,2362,1485,7357288,38165,56,118165830,1026748,0,201902
2020-10-03,738,20686,6073,1088,30209,315747,34461789,182570,2358,1501,7319123,50874,56,117139082,1126528,0.000487625598907471,201522
2020-10-02,842,20612,6195,1443,30880,314659,34279219,311588,2348,1534,7268249,49427,56,116012554,1216123,-0.97218781709671,200784
2020-10-01,862,20492,6262,1757,30942,313216,33967631,214834,2334,1543,7218822,45720,56,114796431,1016972,0,199942
2020-09-30,1064,20390,6241,1618,31021,311459,33752797,226976,2319,1510,7173102,44909,56,113779459,976422,0,199080
2020-09-29,724,20247,6172,1673,30601,309841,33525821,203930,2298,1497,7128193,36766,56,112803037,992038,0,198016
2020-09-28,246,20121,6048,1181,29696,308168,33321891,258394,2285,1513,7091427,35376,56,111810999,991825,0,197292
2020-09-27,310,20050,6170,613,29579,306987,33063497,193116,2277,1511,7056051,34990,56,110819174,932751,-0.97967141866684,197046
2020-09-26,873,20002,6143,1214,29670,306374,32870381,260732,2272,1509,7021061,47227,56,109886423,1136490,-0.873203128576279,196736
2020-09-25,847,19919,6220,1333,29891,305160,32609649,290503,2264,1508,6973834,55278,56,108749933,1156284,-0.998461842536926,195863
2020-09-24,938,19555,6274,1484,30159,303827,32319146,254550,2177,1560,6918556,43341,56,107593649,1010190,0,195016
2020-09-23,1156,19452,6200,1454,30015,302343,32064596,223960,2154,1545,6875215,39498,56,106583459,1013367,-0.999397993087769,194078
2020-09-22,859,19324,6188,1534,29645,300889,31840636,258099,2130,1558,6835717,48986,56,105570092,917213,-0.979666829109192,192922
2020-09-21,281,19353,6138,1064,28849,299355,31582537,146752,2116,1570,6786731,39162,56,104652879,750351,-0.127399802207947,192063
2020-09-20,327,19281,6100,525,28724,298291,31435785,265956,2112,1595,6747569,35533,56,103902528,994272,0,191782
2020-09-19,747,19243,6163,1051,29185,297766,31169829,279068,2111,1577,6712036,45668,56,102908256,1169942,0,191455
2020-09-18,901,19163,6175,1423,29651,296715,30890761,277046,2107,1608,6666368,46889,56,101738314,1094695,0,190708
2020-09-17,880,19057,6285,1549,30035,295292,30613715,245451,2092,1662,6619479,43642,56,100643619,990095,0.00228396058082581,189807
2020-09-16,1190,18961,6303,1461,30345,293743,30368264,182360,2090,1647,6575837,40319,56,99653524,839956,0,188927
2020-09-15,1034,18847,6308,1484,30427,292282,30185904,216815,2071,1574,6535518,34778,56,98813568,852734,0,187737
2020-09-14,407,18748,6256,912,30225,290798,29969089,198825,2061,1601,6500740,33572,56,97960834,821093,0,186703
2020-09-13,392,18692,6232,545,30027,289886,29770264,226347,2056,1654,6467168,34579,56,97139741,792700,0,186296
2020-09-12,817,18648,6449,1145,30912,289341,29543917,227638,2051,1721,6432589,41850,56,96347041,1020760,0,185904
2020-09-11,1015,18549,6371,1510,31679,288196,29316279,244892,2031,1816,6390739,44698,56,95326281,937575,0,185087
2020-09-10,1161,18453,6522,1497,32535,286686,29071387,195629,2008,1923,6346041,37386,56,94388706,821385,0.92908251285553,184072
2020-09-09,1088,18323,6659,1918,32670,285189,28875758,193412,1994,1906,6308655,30756,56,93567321,751002,0,182911
2020-09-08,347,18189,6541,987,32255,283271,28682346,123290,1975,1870,6277899,22310,56,92816319,546859,0.992188334465027,181823
2020-09-07,227,18156,6635,474,32052,282284,28559056,191875,1967,1881,6255589,28117,56,92269460,670866,-0.99642026424408,181476
2020-09-06,452,18125,6701,499,32428,281810,28367181,206134,1960,1912,6227472,33033,56,91598594,764565,0,181249
2020-09-05,926,18089,6758,1173,33626,281311,28161047,218536,1956,1956,6194439,44860,56,90834029,993565,-0.999096572399139,180797
2020-09-04,999,18012,6922,1249,34177,280138,27942511,256511,1943,1998,6149579,51600,56,89840464,1089037,-0.995169252157211,179871
2020-09-03,1072,17894,6923,1488,34753,278889,27686000,227081,1928,2038,6097979,44631,56,88751427,909820,0.00129452347755432,178872
2020-09-02,1035,17788,7091,1521,35661,277401,27458919,211097,1918,2027,6053348,30667,56,87841607,796145,0.999637007713318,177800
2020-09-01,1014,17655,7084,1867,35338,275880,27247822,179210,1902,2041,6022681,42242,56,87045462,796530,-0.0502088069915772,176765
2020-08-31,380,17537,7054,710,35476,274013,27068612,180728,1877,2080,5980439,31720,56,86248932,680649,0,175751
2020-08-30,477,17439,7268,662,35770,273303,26887884,220804,1870,2057,5948719,38766,56,85568283,823352,-0.980261027812958,175371
2020-08-29,1017,17401,7413,1299,36516,272641,26667080,257166,1864,2062,5909953,43995,56,84744931,947087,0,174894
2020-08-28,1020,17304,7591,1642,37356,271342,26409914,224635,1856,2087,5865958,46115,56,83797844,938465,0.00278100371360779,173877
2020-08-27,1128,17181,7712,1654,37498,269700,26185279,243599,1831,2128,5819843,44111,56,82859379,857577,-0.999087929725647,172857
2020-08-26,1300,17046,7742,1804,38515,268046,25941680,216584,1809,2143,5775732,44331,56,82001802,772668,-0.861469030380249,171729
2020-08-25,1140,16920,7854,1988,38831,266242,25725096,224504,1789,2161,5731401,36839,56,81229134,743872,0,170429
2020-08-24,341,16787,7854,1031,38806,264254,25500592,219639,1764,2112,5694562,34543,56,80485262,714951,0,169289
2020-08-23,577,16697,7949,698,39064,263223,25280953,128482,1737,2131,5660019,37900,56,79770311,725718,0,168948
2020-08-22,1035,16657,8207,1604,40017,262525,25152471,226652,1736,2204,5622119,46033,56,79044593,908182,-0.991292655467987,168371
2020-08-21,1119,16563,8358,1782,41052,260921,24925819,254673,1730,2288,5576086,46477,56,78136411,915434,0,167336
2020-08-20,1129,16487,8486,1983,42109,259139,24671146,208472,1716,2330,5529609,43844,56,77220977,864210,0,166217
2020-08-19,1411,16377,8747,1983,43406,257156,24462674,243232,1705,2375,5485765,45073,56,76356767,832115,-0.00038030743598938,165088
2020-08-18,1179,16123,8859,2261,43840,255173,24219442,205817,1695,2467,5440692,40070,56,75524652,771994,-0.999332964420319,163677
2020-08-17,411,15985,8881,1224,43614,252912,24013625,186974,1678,2444,5400622,37751,56,74752658,702582,0,162498
2020-08-16,617,15924,8958,685,44155,251688,23826651,258191,1665,2481,5362871,42503,56,74050076,785200,0,162087
2020-08-15,1227,15891,9087,1891,44922,251003,23568460,249608,1663,2526,5320368,56003,56,73264876,893080,0.999461472034454,161470
2020-08-14,1226,15768,9277,2141,45868,249112,23318852,308763,1665,2555,5264365,57144,56,72371796,990725,-0.99739471077919,160243
2020-08-13,1163,15629,9480,2675,47303,246971,23010089,256634,1649,2574,5207221,51763,56,71381071,954412,0,159017
2020-08-12,1517,15524,9564,2971,48067,244296,22753455,235552,1629,2602,5155458,56186,56,70426659,813796,0,157854
2020-08-11,1320,15331,9135,2624,48600,241325,22517903,230600,1612,2422,5099272,54935,56,69612863,845183,-0.00349366664886475,156337
2020-08-10,430,15158,9209,1554,48751,238701,22287303,210324,1592,2529,5044337,41370,56,68767680,741379,-0.966012358665466,155017
2020-08-09,621,15081,9307,862,48997,237147,22076979,260584,1578,2507,5002967,50766,56,68026301,803537,0,154587
2020-08-08,1086,15024,9662,1493,50071,236285,21816395,191879,1561,2566,4952201,53492,56,67222764,789814,-0.997506320476532,153966
2020-08-07,1322,14925,9698,7994,51329,234792,21624516,263973,1549,2628,4898709,60837,56,66432950,890426,0,152880
2020-08-06,1242,14810,9996,2616,53220,226798,21360543,266841,1534,2714,4837872,54045,56,65542524,848687,-0.997536540031433,151558
2020-08-05,1354,14687,9988,2117,53432,224182,21093702,232010,1524,2721,4783827,52691,56,64693837,816864,0.997282028198242,150316
2020-08-04,1242,14537,10207,4423,53436,222065,20861692,236338,1493,2701,4731136,51205,56,63876973,806693,0,148962
2020-08-03,516,14370,10233,1558,53516,217642,20625354,208982,1463,2664,4679931,42743,56,63070280,712084,0,147720
2020-08-02,496,14289,10343,832,54108,216084,20416372,252325,1448,2645,4637188,53322,56,62358196,790665,-0.984143942594528,147204
2020-08-01,1201,14227,10347,2385,54554,215252,20164047,231941,1445,2698,4583866,60640,56,61567531,817592,0.578949332237244,146708
2020-07-31,1324,14044,10471,2531,55718,212867,19932106,98958,1437,2701,4523226,67835,56,60749939,988464,-0.998742282390595,145507
2020-07-30,1250,13877,10549,3293,56570,210336,19833148,261399,1415,2762,4455391,68979,56,59761475,887682,-0.997435629367828,144183
2020-07-29,1505,13747,10435,2860,57423,207043,19571749,287378,1400,2771,4386412,64156,56,58873793,908697,-0.880446165800095,142933
2020-07-28,1111,13559,10414,4067,57185,204183,19284371,234128,1372,2748,4322256,58452,56,57965096,842394,-0.995601654052734,141428
2020-07-27,1066,13413,10183,1632,58987,200116,19050243,243001,1356,2723,4263804,54484,56,57122702,768987,-0.966679275035858,140317
2020-07-26,561,13343,10424,1380,58731,198484,18807242,290147,1336,2723,4209320,60768,56,56353715,859179,-0.956739187240601,139251
2020-07-25,1012,13279,10308,1816,59382,197104,18517095,280225,1300,2729,4148552,64788,56,55494536,882389,-0.0702517032623291,138690
2020-07-24,1174,13184,10288,3066,59801,195288,18236870,311767,1297,2709,4083764,75095,56,54612147,1007671,-0.997407615184784,137678
2020-07-23,1071,12933,10370,2371,59862,192222,17925103,313497,1280,2467,4008669,71426,56,53604476,930658,0.871774554252625,136504
2020-07-22,1149,12792,10339,2237,59759,189851,17611606,262481,1258,2444,3937243,69442,56,52673818,900463,-0.994513869285584,135433
2020-07-21,1043,12632,10046,2555,59479,187614,17349125,240265,1242,2414,3867801,62887,56,51773355,833566,-0.999733746051788,134284
2020-07-20,376,12475,9832,1563,58521,185059,17108860,247893,1223,2403,3804914,56709,56,50939789,737207,-0.96905529499054,133241
2020-07-19,526,12393,9581,886,58052,183496,16860967,265500,1216,2362,3748205,64207,56,50202582,789513,0,132865
2020-07-18,877,12343,9809,1994,57818,182610,16595467,215087,1211,2343,3683998,64773,56,49413069,869668,-0.998787790536881,132339
2020-07-17,938,12243,9714,2485,57871,180616,16380380,276023,1200,2352,3619225,76498,56,48543401,943532,-0.285238007704417,131462
2020-07-16,940,12091,9565,2207,57600,178131,16104357,287728,1175,2314,3542727,70493,56,47599869,948000,-0.903348982334137,130524
2020-07-15,864,12003,9497,2315,56341,175924,15816629,268285,1166,2322,3472234,69372,56,46651869,913964,0.748078167438507,129584
2020-07-14,742,11857,9342,2322,55677,173609,15548344,259522,1154,2263,3402862,58618,56,45737905,835275,0,128720
2020-07-13,329,11749,9207,1120,54120,171287,15288822,224951,1142,2254,3344244,57144,56,44902630,764696,0,127978
2020-07-12,471,11679,8983,890,52860,170167,15063871,264002,1136,2182,3287100,61602,56,44137934,796940,0,127649
2020-07-11,753,11613,8934,5088,51984,169277,14799869,264730,1128,2169,3225498,62584,56,43340994,836027,0,127178
2020-07-10,841,11524,8812,2197,51720,164189,14535139,288473,1118,2192,3162914,67108,56,42504967,912598,-0.961099982261658,126425
2020-07-09,862,11395,8766,1663,44053,161992,14246666,284206,1138,2129,3095806,59063,56,41592369,846548,-0.997939884662628,125584
2020-07-08,819,11303,8750,1888,43205,160329,13962460,211657,1103,2167,3036743,62815,56,40745821,780578,0.295023401578267,124722
2020-07-07,906,11178,8568,1975,41948,158441,13750803,206545,1084,2102,2973928,50991,56,39965243,742033,0,123903
2020-07-06,233,11058,8336,765,39960,156466,13544258,172741,1070,2104,2922937,40902,56,39223210,650829,0,122997
2020-07-05,214,11010,8170,583,38872,155701,13371517,212886,1064,2080,2882035,45374,56,38572381,620599,-0.999720752239227,122764
2020-07-04,295,10977,8082,870,38281,155118,13158631,209668,1063,1982,2836661,54846,56,37951782,688460,-0.979287445545197,122550
2020-07-03,602,10937,7935,1358,37921,154248,12948963,247201,1059,2049,2781815,54214,56,37263322,796290,0,122255
2020-07-02,699,10843,7867,1699,37645,152890,12701762,229405,1041,2104,2727601,53511,56,36467032,772899,0,121653
2020-07-01,696,10752,7647,1429,36521,151191,12472357,224475,1027,2099,2674090,51044,56,35694133,731673,-0.996365865071615,120954
2020-06-30,583,10669,7419,1473,35340,149762,12247882,226105,1008,2044,2623046,47032,56,34962460,712260,0,120258
2020-06-29,336,10542,7283,728,33742,148289,12021777,245719,990,2021,2576014,39368,56,34250200,661374,0,119675
2020-06-28,271,10473,7080,549,32577,147561,11776058,227853,983,2077,2536646,41729,56,33588826,611620,0,119339
2020-06-27,510,10416,6998,1059,32569,147012,11548205,217216,977,2159,2494917,43104,56,32977206,723493,0,119068
2020-06-26,608,10334,7017,1540,31850,145953,11330989,218689,966,2069,2451813,44300,56,32253713,737868,-0.993547260761261,118558
2020-06-25,654,10258,6905,1298,31920,144413,11112300,248068,951,2214,2407513,39720,56,31515845,712795,0,117950
2020-06-24,704,10173,6752,1246,31268,143115,10864232,184959,934,2247,2367793,39131,56,30803050,618161,-0.997899055480957,117296
2020-06-23,728,10077,6791,1266,30352,141869,10679273,172591,918,2292,2328662,33446,56,30184889,671798,-0.982791483402252,116592
2020-06-22,288,10003,6650,827,28962,140603,10506682,163644,909,2301,2295216,26817,56,29513091,499255,0.991190552711487,115864
2020-06-21,291,9944,6415,519,28325,139776,10343038,175530,904,2321,2268399,29182,56,29013836,504684,0,115576
2020-06-20,611,9908,6372,685,28078,139257,10167508,197225,888,2380,2239217,32232,56,28509152,610669,-0.992330551147461,115285
2020-06-19,657,9877,6450,1592,28698,138572,9970283,234816,884,2433,2206985,30887,56,27898483,664037,-0.90599912405014,114674
2020-06-18,679,9738,6560,1100,28538,136980,9735467,191568,869,2518,2176098,26984,56,27234446,562275,-0.989706635475159,114017
2020-06-17,778,9666,6618,1085,28641,135880,9543899,195262,857,2584,2149114,24206,56,26672171,563106,0.992789626121521,113338
2020-06-16,726,9591,6534,1186,28363,134795,9348637,175084,845,2591,2124908,22857,56,26109065,500028,0,112560
2020-06-15,383,9516,6595,664,28034,133609,9173553,165511,835,2636,2102051,18236,56,25609037,447146,-0.997087240219116,111834
2020-06-14,354,9466,6610,600,28012,132945,9008042,167764,834,2716,2083815,21629,56,25161891,474952,-0.468870714306831,111451
2020-06-13,690,9433,6700,965,28572,132345,8840278,198815,830,2726,2062186,25459,56,24686939,545415,-0.993470847606659,111097
2020-06-12,766,9373,6837,1371,29309,131380,8641463,228322,814,2738,2036727,23152,56,24141524,622991,0.76274111866951,110407
2020-06-11,896,9297,6885,1526,29842,130009,8413141,150394,792,2885,2013575,21976,56,23518533,484776,-0.996780395507813,109641
2020-06-10,892,9226,7065,1239,30962,128483,8262747,168579,780,3022,1991599,20873,56,23033757,484086,-0.35114719470342,108745
2020-06-09,894,9142,7310,1280,31181,127244,8094168,155286,771,3088,1970726,16933,56,22549671,454671,-0.998476952314377,107853
2020-06-08,672,9013,7182,1072,31097,125964,7938882,132314,762,3238,1953793,16935,56,22095000,405398,-0.879182934761047,106959
2020-06-07,450,8957,7244,657,31492,124892,7806568,189867,753,3298,1936858,19080,56,21689602,437205,-0.999033808708191,106287
2020-06-06,709,8920,7525,985,31994,124235,7616701,221863,750,3476,1917778,22669,56,21252397,557957,0.856615424156189,105837
2020-06-05,832,8863,7658,1518,32505,123250,7394838,232202,740,3520,1895109,23046,56,20694440,621384,0,105128
2020-06-04,882,8788,7786,-2858,32800,121732,7162636,183969,723,3662,1872063,20512,56,20073056,497795,-0.939082056283951,104296
2020-06-03,973,8690,7959,2011,33218,124590,6978667,184622,717,3754,1851551,20164,56,19575261,505613,-0.999789655208588,103414
2020-06-02,982,8566,8158,1578,33955,122579,6794045,161067,710,3854,1831387,19909,56,19069648,450312,0,102441
2020-06-01,676,8486,8354,2752,34327,121001,6632978,157898,704,3950,1811478,20029,56,18619336,419554,0,101459
2020-05-31,654,8446,8373,698,34914,118249,6475080,147988,704,3669,1791449,21694,56,18199782,429140,-0.998135924339294,100783
2020-05-30,921,8325,8691,1222,35761,117551,6327092,174259,698,4008,1769755,23543,56,17770642,484206,0,100129
2020-05-29,1171,8235,8923,1409,36937,116329,6152833,189783,689,4028,1746212,23624,56,17286436,507264,0,99208
2020-05-28,1235,8109,9139,1425,38005,114920,5963050,188114,676,4079,1722588,22844,56,16779172,494858,-0.364392030239105,98037
2020-05-27,1340,8015,9246,1385,38314,113495,5774936,151212,666,4223,1699744,19193,56,16284314,415923,-0.934178610642751,96802
2020-05-26,668,7899,9251,17155,37751,112110,5623724,111904,650,4221,1680551,16676,56,15868391,315659,-0.995267271995544,95462
2020-05-25,556,7847,9114,669,37702,94955,5511820,167737,642,4232,1663875,18543,56,15552732,408751,0,94794
2020-05-24,689,7801,9148,787,37741,94286,5344083,129848,639,4380,1645332,19122,56,15143981,390719,0.00583603978157043,94238
2020-05-23,1035,7770,9382,1130,38625,93499,5214235,115601,638,4621,1626210,22482,56,14753262,444574,-0.997823745012283,93549
2020-05-22,1286,7689,9708,3751,39999,92369,5098634,173269,633,4714,1603728,24127,56,14308688,451428,0,92514
2020-05-21,1381,7423,9757,4374,41353,88618,4925365,219192,616,4871,1579601,26751,56,13857260,499343,-0.996268749237061,91228
2020-05-20,1395,7319,10212,1453,41854,84244,4706173,167729,613,4907,1552850,21371,56,13357917,449396,-0.955054879188538,89847
2020-05-19,1327,7217,10292,1286,42019,82791,4538444,162780,606,5032,1531479,20700,56,12908521,422660,0,88452
2020-05-18,853,7064,10423,803,41935,81505,4375664,131764,602,5260,1510779,20613,56,12485861,348667,0,87125
2020-05-17,862,7003,10563,766,42018,80702,4243900,138117,593,5467,1490166,20384,56,12137194,351921,0,86272
2020-05-16,1249,6945,10880,1383,43520,79936,4105783,132367,592,5532,1469782,23835,56,11785273,394424,-0.997144997119904,85410
2020-05-15,1537,6890,11163,982,44553,78553,3973416,120258,589,5744,1445947,25407,56,11390849,406415,0,84161
2020-05-14,1846,6795,11338,2711,45912,77571,3853158,138644,582,5940,1420540,26796,56,10984434,388786,-0.999611437320709,82624
2020-05-13,1729,6713,11664,1273,46926,74860,3714514,117018,572,6164,1393744,21481,56,10595648,346215,0,80778
2020-05-12,1518,6585,11915,1192,47347,73587,3597496,110171,559,6350,1372263,22521,56,10249433,340824,-0.993064343929291,79049
2020-05-11,889,6488,11852,939,46554,72395,3487325,209165,551,6349,1349742,18080,56,9908609,374214,-0.999718368053436,77531
2020-05-10,1027,6445,11992,565,46741,71456,3278160,91529,547,6392,1331662,21112,56,9534395,274264,0,76642
2020-05-09,1459,6367,12165,1128,48576,70891,3186631,110811,543,6550,1310550,25280,56,9260131,323895,0.00741279125213623,75615
2020-05-08,1788,6294,12460,5697,49769,69763,3075820,104722,531,6793,1285270,27198,56,8936236,312980,-0.866162121295929,74156
2020-05-07,2732,5189,12832,3553,51445,64066,2971098,94737,529,7067,1258072,27228,56,8623256,329708,-0.998252481222153,72368
2020-05-06,1931,4911,13196,1505,52607,60513,2876361,98543,449,4758,1230844,25312,56,8293548,293617,0,69636
2020-05-05,2496,4794,13346,1399,53168,59008,2777818,105694,439,4810,1205532,22392,56,7999931,279781,0,67705
2020-05-04,983,4579,13390,1152,52375,57609,2672124,86891,430,4852,1183140,22106,56,7720150,236185,0,65209
2020-05-03,1247,4502,13343,1027,52623,56457,2585233,94072,425,4762,1161034,25759,56,7483965,239746,-0.998411297798157,64226
2020-05-02,1521,4386,13528,1276,54008,55430,2491161,80894,375,4846,1135275,29151,56,7244219,272341,-0.000701874494552612,62979
2020-05-01,1812,4300,13572,9055,54888,54154,2410267,106658,376,4712,1106124,32880,56,6971878,285664,-0.972098469734192,61458
2020-04-30,2153,4192,13982,1425,54910,45099,2303609,79570,373,4708,1073244,30063,56,6686214,275235,-0.964052528142929,59646
2020-04-29,2689,4093,14254,1865,56010,43674,2224039,89076,365,4803,1043181,26179,56,6410979,257142,0.981743574142456,57493
2020-04-28,2078,3798,14280,1253,56041,41809,2134963,69502,252,4760,1017002,25232,56,6153837,216600,0.530366539955139,54804
2020-04-27,1274,3720,14496,1183,56181,40556,2065461,62416,252,4867,991770,22404,56,5937237,194555,0,52726
2020-04-26,1212,2571,14753,1109,56167,39373,2003045,75262,227,5119,969366,27324,56,5742682,205595,-0.21911484003067,51452
2020-04-25,1634,2516,15056,1234,57346,38264,1927783,120083,227,5266,942042,40697,56,5537087,275824,0,50240
2020-04-24,1973,2468,15274,1198,57367,37030,1807700,75512,227,5194,901345,31217,56,5261263,246096,0,48606
2020-04-23,1806,2428,15407,1409,59215,35832,1732188,64683,227,5463,870128,31938,56,5015167,217920,0,46633
2020-04-22,2150,2370,15705,1591,59204,34423,1667505,-213981,227,5474,838190,29273,56,4797247,335191,-0.999465644359589,44827
2020-04-21,2478,2315,15636,1431,59795,32832,1881486,69105,214,5514,808917,27354,56,4462056,166966,0,42677
2020-04-20,1814,2193,15099,887,56720,31401,1812381,63578,214,5569,781563,24376,56,4295090,143980,-0.996775448322296,40199
2020-04-19,1765,2145,15005,734,56491,30514,1748803,68216,214,5603,757187,26930,56,4151110,148978,0,38385
2020-04-18,1896,2096,15388,1459,57798,29780,1680587,69461,205,5733,730257,27573,56,4002132,172481,0.0243383347988129,36620
2020-04-17,2116,2052,15493,1289,58904,28321,1611126,67602,187,6098,702684,31500,56,3829651,172149,-0.984150409698486,34724
2020-04-16,2196,1834,15830,1261,59500,27032,1543524,79312,176,5940,671184,31266,56,3657502,183046,0,32608
2020-04-15,2541,1710,15302,1176,59930,25771,1464212,57485,173,6033,639918,29834,56,3474456,149278,-0.0680301189422607,30412
2020-04-14,2356,1642,14735,1466,59601,24595,1406727,73268,171,5981,610084,25943,56,3325178,160030,0,27871
2020-04-13,1630,1549,14199,2304,56283,23129,1333459,57296,158,6170,584141,24136,56,3165148,125464,0.99567312002182,25515
2020-04-12,1698,1449,14188,694,55294,20825,1276163,67358,158,5962,560005,28168,56,3039684,140619,-0.945619304974874,23885
2020-04-11,2079,1399,13856,1208,55563,20131,1208805,64373,152,5986,531837,31323,56,2899065,158549,-0.997793912887573,22187
2020-04-10,2081,1179,12693,1999,53167,18923,1144432,56216,39,5937,500514,33778,56,2740516,155771,-0.00370952486991882,20108
2020-04-09,2054,918,12445,965,51323,16924,1088216,82731,39,5798,466736,34992,56,2584745,171012,0,18027
2020-04-08,1999,862,10276,1332,45359,15959,1005485,68034,39,4142,431744,30964,56,2413733,165594,-0.998031705617905,15973
2020-04-07,2042,738,9978,370,43849,14627,937451,79011,43,4047,400780,30416,56,2248139,169756,-0.997021853923798,13974
2020-04-06,1314,663,7079,883,36159,14257,858440,69846,39,2961,370364,28260,56,2078383,137734,-0.857918679714203,11932
2020-04-05,1340,609,5811,1131,32180,13374,788594,33621,39,650,342104,25843,56,1940649,129412,-0.090558722615242,10618
2020-04-04,1478,403,5500,1732,30456,12243,754973,143525,39,656,316261,33122,56,1811237,231115,0,9278
2020-04-03,1288,335,4928,1189,25723,10511,611448,54760,39,623,283139,31835,56,1580122,142407,-0.109846413135529,7800
2020-04-02,1175,305,4513,1320,22995,9322,556688,51405,32,576,251304,28135,56,1437715,131146,-0.992010354995728,6512
2020-04-01,1006,256,3937,1302,20906,8002,505283,44681,32,561,223169,26204,56,1306569,123021,-0.410768965880076,5337
2020-03-31,909,230,3487,1492,18155,6700,460602,44334,,506,196965,25000,56,1183548,114567,0.995705664157867,4331
2020-03-30,584,187,3087,584,15892,5208,416268,50165,,449,171965,21139,56,1068981,100592,0.672076404094696,3422
2020-03-29,506,156,2456,559,14055,4624,366103,41832,,433,150826,19683,56,968389,86974,0,2838
2020-03-28,550,140,2174,682,12393,4065,324271,68463,,390,131143,19785,56,881415,111430,-0.992506295442581,2332
2020-03-27,411,124,1792,777,10887,3383,255808,45156,,293,111358,19215,56,769985,101260,0.523882985115051,1782
2020-03-26,313,91,1299,655,7805,2606,210652,42359,,258,92143,17592,56,668725,106945,0,1371
2020-03-25,241,74,,873,5140,1951,168293,33006,,167,74551,12657,56,561780,82429,-0.994786977767944,1058
2020-03-24,235,,,261,3938,1078,135287,33947,,,61894,10896,56,479351,86845,0,817
2020-03-23,102,,,190,2812,817,101340,21109,,,50998,11190,56,392506,57023,0,582
2020-03-22,145,,,139,2173,627,80231,12428,,,39808,9228,56,335483,52323,-0.989463686943054,480
2020-03-21,62,,,316,1492,488,67803,16060,,,30580,6940,56,283160,52248,0,335
2020-03-20,70,,,44,1042,172,51743,11805,,,23640,6100,56,230912,49555,-0.998504161834717,273
2020-03-19,51,,,34,617,128,39938,8361,,,17540,4606,56,181357,39258,0.850532650947571,203
2020-03-18,26,,,18,416,94,31577,5394,,,12934,3357,56,142099,32196,-0.999295711517334,152
2020-03-17,24,,,33,325,76,26183,5856,,,9577,2128,56,109903,26755,-0.941292762756348,126
2020-03-16,22,,,6,,43,20327,10931,,,7449,1711,56,83148,23114,-0.994789838790894,102
2020-03-15,15,,,10,,37,9396,1987,,,5738,1262,51,60034,10202,0.99400806427002,80
2020-03-14,8,,,4,,27,7409,1876,,,4476,1026,51,49832,9816,0.992158055305481,65
2020-03-13,5,,,6,,23,5533,1241,,,3450,858,51,40016,9733,0.748551726341248,57
2020-03-12,9,,,5,,17,4292,991,,,2592,677,51,30283,6683,0,52
2020-03-11,6,,,3,,12,3301,1021,,,1915,418,51,23600,4447,-0.983476161956787,43
2020-03-10,2,,,0,,9,2280,494,,,1497,436,51,19153,3322,0,37
2020-03-09,4,,,3,,9,1786,442,,,1061,304,51,15831,2055,0.999559700489044,35
2020-03-08,4,,,0,,6,1344,196,,,757,170,51,13776,1130,0.0609470903873444,31
2020-03-07,1,,,0,,6,1148,274,,,587,142,51,12646,931,0.0094815194606781,27
2020-03-06,6,,,1,,6,874,161,,,445,138,40,11715,2177,-0.991673171520233,26
2020-03-05,4,,,1,,5,713,132,,,307,65,32,9538,1515,-0.52482134103775,20
2020-03-04,2,,,4,,4,581,576,,,242,128,26,8023,890,0,16
2020-03-03,3,,,0,,,5,2,,,114,42,16,7133,279,0,14
2020-03-02,3,,,0,,,3,1,,,72,30,12,6854,203,-0.99242627620697,11
2020-03-01,3,,,0,,,2,2,,,42,24,11,6651,96,0,8
2020-02-29,1,,,0,,,,0,,,18,3,8,6555,65,-0.998362392187119,5
2020-02-28,2,,,0,,,,0,,,15,2,7,6490,3,0,4
2020-02-27,0,,,0,,,,0,,,13,1,7,6487,6446,0.303622225920359,2
2020-02-26,2,,,0,,,,0,,,12,2,6,41,0,-0.00899976491928101,2
2020-02-25,0,,,0,,,,0,,,10,1,6,41,1,0,0
2020-02-24,0,,,0,,,,0,,,9,1,6,40,2,0,0
2020-02-23,0,,,0,,,,0,,,8,1,6,38,0,0,0
2020-02-22,0,,,0,,,,0,,,7,0,6,38,1,-0.997611403465271,0
2020-02-21,0,,,0,,,,0,,,7,0,6,37,1,-0.489601633765481,0
2020-02-20,0,,,0,,,,0,,,7,0,6,36,1,-0.0357710421085358,0
2020-02-19,0,,,0,,,,0,,,7,0,6,35,6,-0.0131301432847977,0
2020-02-18,0,,,0,,,,0,,,7,0,6,29,0,0.0282968878746033,0
2020-02-17,0,,,0,,,,0,,,7,0,6,29,1,-0.994670480489731,0
2020-02-16,0,,,0,,,,0,,,7,0,6,28,2,-0.114096790552139,0
2020-02-15,0,,,0,,,,0,,,7,0,6,26,4,-0.002219557762146,0
2020-02-14,0,,,0,,,,0,,,7,1,5,22,0,-0.970572888851166,0
2020-02-13,0,,,0,,,,0,,,6,1,5,22,1,-0.996704638004303,0
2020-02-12,0,,,0,,,,0,,,5,0,5,21,1,0.995089590549469,0
2020-02-11,0,,,0,,,,0,,,5,0,5,20,1,0,0
2020-02-10,0,,,0,,,,0,,,5,0,5,19,1,0.00268501043319702,0
2020-02-09,0,,,0,,,,0,,,5,0,4,18,0,-0.998817443847656,
2020-02-08,0,,,0,,,,0,,,5,0,4,18,2,0.641821086406708,
2020-02-07,0,,,0,,,,0,,,5,0,4,16,0,-0.983068466186523,
2020-02-06,0,,,0,,,,0,,,5,2,4,16,1,-0.999302864074707,
2020-02-05,0,,,0,,,,0,,,3,0,4,15,0,-0.946622401475906,
2020-02-04,0,,,0,,,,0,,,3,0,4,15,4,0,
2020-02-03,0,,,0,,,,0,,,3,1,4,11,3,-0.0381677746772766,
2020-02-02,0,,,0,,,,0,,,2,0,4,8,0,0,
2020-02-01,0,,,0,,,,0,,,2,0,4,8,0,0,
2020-01-31,0,,,0,,,,0,,,2,0,4,8,3,-0.999434053897858,
2020-01-30,0,,,0,,,,0,,,2,0,4,5,0,-0.997626483440399,
2020-01-29,0,,,0,,,,0,,,2,0,4,5,2,0,
2020-01-28,0,,,0,,,,0,,,2,0,3,3,0,-0.973866105079651,
2020-01-27,0,,,0,,,,0,,,2,0,3,3,1,0,
2020-01-26,0,,,0,,,,0,,,2,0,2,2,0,0,
2020-01-25,0,,,0,,,,0,,,2,0,2,2,0,-0.334366619586945,
2020-01-24,0,,,0,,,,0,,,2,0,2,2,0,-0.996363580226898,
2020-01-23,0,,,0,,,,0,,,2,0,2,2,1,-0.429077466328939,
2020-01-22,0,,,0,,,,0,,,2,0,2,1,1,0,
2020-01-21,0,,,0,,,,0,,,2,1,1,0,0,0,
2020-01-20,0,,,0,,,,0,,,1,0,1,0,0,0,
2020-01-19,0,,,0,,,,0,,,1,1,1,0,0,0.963108986616135,
2020-01-18,0,,,0,,,,0,,,0,0,1,0,0,-0.302579899628957,
2020-01-17,0,,,0,,,,0,,,0,0,1,0,0,0.0209938883781433,
2020-01-16,0,,,0,,,,0,,,0,0,1,0,0,-0.993533611297607,
2020-01-15,0,,,0,,,,0,,,0,0,1,0,0,-0.983490467071533,
2020-01-14,0,,,0,,,,0,,,0,0,1,0,0,0,
2020-01-13,0,,,0,,,,0,,,,0,1,0,0,0,
